season,week,win,loss,tie,mov,error,wins_l16,losses_l16,ties_l16,mov_l16,hfa_l16,wins_l80,losses_l80,ties_l80,mov_l80,hfa_l80,wins_all_time,losses_all_time,ties_all_time,mov_all_time,hfa_all_time
1999,1,7,8,0,0.333,0.576,,,,,,,,,,,7.0,8.0,0.0,0.333,0.576
1999,2,8,7,0,0.267,-0.087,,,,,,,,,,,15.0,15.0,0.0,0.3,0.244
1999,3,9,5,0,4.357,3.925,,,,,,,,,,,24.0,20.0,0.0,1.652,1.471
1999,4,8,6,0,-1.5,-0.417,,,,,,,,,,,32.0,26.0,0.0,0.864,0.999
1999,5,7,7,0,1.071,0.685,,,,,,,,,,,39.0,33.0,0.0,0.906,0.936
1999,6,5,9,0,-2.071,-0.816,,,,,,,,,,,44.0,42.0,0.0,0.41,0.644
1999,7,11,3,0,5.286,3.407,,,,,,,,,,,55.0,45.0,0.0,1.106,1.039
1999,8,6,8,0,-0.143,0.662,,,,,,,,,,,61.0,53.0,0.0,0.95,0.992
1999,9,7,7,0,-2.714,-1.487,,,,,,,,,,,68.0,60.0,0.0,0.543,0.716
1999,10,10,5,0,6.067,5.448,,,,,,,,,,,78.0,65.0,0.0,1.095,1.19
1999,11,9,6,0,0.467,2.616,,,,,,,,,,,87.0,71.0,0.0,1.038,1.319
1999,12,8,7,0,1.333,0.573,,,,,,,,,,,95.0,78.0,0.0,1.063,1.257
1999,13,11,4,0,7.267,7.939,,,,,,,,,,,106.0,82.0,0.0,1.54,1.771
1999,14,10,5,0,4.867,4.189,,,,,,,,,,,116.0,87.0,0.0,1.778,1.944
1999,15,12,3,0,10.867,10.004,,,,,,,,,,,128.0,90.0,0.0,2.384,2.481
1999,16,9,6,0,6.533,9.35,137.0,96.0,0.0,2.643,2.91,,,,,,137.0,96.0,0.0,2.643,2.91
1999,17,11,4,0,8.667,9.263,141.0,92.0,0.0,3.164,3.453,,,,,,148.0,100.0,0.0,2.997,3.284
2000,1,8,7,0,-2.4,-2.256,141.0,92.0,0.0,2.997,3.318,,,,,,156.0,107.0,0.0,2.697,2.976
2000,2,9,6,0,2.533,1.469,141.0,93.0,0.0,2.883,3.164,,,,,,165.0,113.0,0.0,2.689,2.897
2000,3,8,6,0,3.429,1.784,141.0,93.0,0.0,3.191,3.302,,,,,,173.0,119.0,0.0,2.726,2.841
2000,4,4,10,0,-0.857,0.186,138.0,96.0,0.0,3.071,3.271,,,,,,177.0,129.0,0.0,2.555,2.715
2000,5,6,8,0,1.643,0.624,139.0,95.0,0.0,3.303,3.361,,,,,,183.0,137.0,0.0,2.514,2.62
2000,6,6,8,0,-1.429,0.446,134.0,100.0,0.0,2.883,3.176,,,,,,189.0,145.0,0.0,2.342,2.525
2000,7,9,5,0,3.643,2.364,137.0,97.0,0.0,3.12,3.282,,,,,,198.0,150.0,0.0,2.396,2.519
2000,8,10,4,0,8.143,7.434,140.0,94.0,0.0,3.798,3.84,,,,,,208.0,154.0,0.0,2.626,2.715
2000,9,6,8,0,1.214,4.222,136.0,97.0,0.0,3.495,3.763,,,,,,214.0,162.0,0.0,2.572,2.773
2000,10,8,7,0,-2.067,1.674,135.0,98.0,0.0,3.337,3.704,,,,,,222.0,169.0,0.0,2.4,2.732
2000,11,9,6,0,3.133,2.286,136.0,97.0,0.0,3.449,3.811,,,,,,231.0,175.0,0.0,2.426,2.717
2000,12,9,6,0,2.4,0.405,134.0,99.0,0.0,3.145,3.34,,,,,,240.0,181.0,0.0,2.425,2.637
2000,13,8,7,0,3.667,3.128,132.0,101.0,0.0,3.07,3.274,,,,,,248.0,188.0,0.0,2.467,2.653
2000,14,8,7,0,0.0,0.785,128.0,105.0,0.0,2.391,2.698,,,,,,256.0,195.0,0.0,2.387,2.593
2000,15,12,3,0,13.0,11.953,131.0,102.0,0.0,2.795,2.86,,,,,,268.0,198.0,0.0,2.719,2.885
2000,16,8,7,0,2.133,4.263,128.0,105.0,0.0,2.387,2.548,,,,,,276.0,205.0,0.0,2.701,2.927
2000,17,10,5,0,9.533,8.694,130.0,103.0,0.0,3.132,3.232,,,,,,286.0,210.0,0.0,2.902,3.097
2001,1,7,8,0,1.8,1.597,128.0,105.0,0.0,3.087,3.24,,,,,,293.0,218.0,0.0,2.871,3.054
2001,2,8,6,0,1.571,6.141,128.0,105.0,0.0,2.97,3.513,,,,,,301.0,224.0,0.0,2.835,3.14
2001,3,7,7,0,1.929,1.692,131.0,102.0,0.0,3.145,3.607,,,,,,308.0,231.0,0.0,2.81,3.101
2001,4,11,4,0,3.533,1.37,136.0,98.0,0.0,3.263,3.653,,,,,,319.0,235.0,0.0,2.829,3.055
2001,5,10,4,0,2.857,3.699,140.0,94.0,0.0,3.531,3.857,,,,,,329.0,239.0,0.0,2.83,3.072
2001,6,5,8,0,-2.0,0.893,136.0,97.0,0.0,3.178,3.765,,,,,,334.0,247.0,0.0,2.709,3.017
2001,7,8,6,0,5.286,6.078,134.0,99.0,0.0,2.999,3.68,,,,,,342.0,253.0,0.0,2.772,3.092
2001,8,8,6,0,0.214,-0.627,136.0,97.0,0.0,2.937,3.377,,,,,,350.0,259.0,0.0,2.711,3.003
2001,9,9,6,0,7.133,8.489,137.0,96.0,0.0,3.512,3.803,,,,,,359.0,265.0,0.0,2.814,3.131
2001,10,5,10,0,-3.333,-3.812,133.0,100.0,0.0,3.108,3.422,,,,,,364.0,275.0,0.0,2.674,2.973
2001,11,3,12,0,-2.933,-0.809,127.0,106.0,0.0,2.774,3.346,,,,,,367.0,287.0,0.0,2.55,2.889
2001,12,7,8,0,-0.333,-2.011,126.0,107.0,0.0,2.524,3.025,,,,,,374.0,295.0,0.0,2.487,2.782
2001,13,12,3,0,6.8,5.084,130.0,103.0,0.0,2.949,3.293,,,,,,386.0,298.0,0.0,2.579,2.831
2001,14,9,6,0,3.667,5.967,127.0,106.0,0.0,2.366,2.919,,,,,,395.0,304.0,0.0,2.601,2.897
2001,15,10,5,0,5.8,4.68,129.0,104.0,0.0,2.595,2.945,,,,,,405.0,309.0,0.0,2.667,2.933
2001,16,8,7,0,-1.267,-1.624,127.0,106.0,0.0,1.92,2.3,,,,,,413.0,316.0,0.0,2.588,2.842
2001,17,9,6,0,3.0,-0.008,129.0,104.0,0.0,1.995,2.2,,,,,,422.0,322.0,0.0,2.596,2.786
2002,1,10,6,0,3.0,3.049,131.0,104.0,0.0,2.085,2.007,,,,,,432.0,328.0,0.0,2.604,2.791
2002,2,5,11,0,-4.5,-3.561,129.0,108.0,0.0,1.683,1.679,,,,,,437.0,339.0,0.0,2.47,2.671
2002,3,8,6,0,4.857,2.525,126.0,110.0,0.0,1.765,1.751,,,,,,445.0,345.0,0.0,2.514,2.669
2002,4,12,2,0,9.357,10.738,128.0,108.0,0.0,2.172,2.191,,,,,,457.0,347.0,0.0,2.638,2.815
2002,5,6,8,0,-0.786,1.059,129.0,108.0,0.0,2.248,2.201,,,,,,463.0,355.0,0.0,2.577,2.784
2002,6,7,7,0,-2.5,-1.512,128.0,109.0,0.0,1.761,1.727,,,,,,470.0,362.0,0.0,2.488,2.709
2002,7,11,3,0,8.929,7.301,131.0,106.0,0.0,2.306,2.222,,,,,,481.0,365.0,0.0,2.599,2.788
2002,8,6,8,0,1.714,1.195,128.0,108.0,0.0,1.967,1.766,,,,,,487.0,373.0,0.0,2.584,2.761
2002,9,5,9,0,-7.214,-5.864,128.0,107.0,0.0,1.724,1.638,,,,,,492.0,382.0,0.0,2.421,2.617
2002,10,7,6,1,-0.929,-3.331,132.0,101.0,1.0,1.85,1.48,,,,,,499.0,388.0,1.0,2.366,2.519
2002,11,12,4,0,4.188,5.1,137.0,97.0,1.0,2.132,1.925,,,,,,511.0,392.0,1.0,2.395,2.561
2002,12,11,5,0,-0.188,0.451,136.0,99.0,1.0,1.695,1.635,,,,,,522.0,397.0,1.0,2.354,2.528
2002,13,10,6,0,5.938,7.603,137.0,99.0,1.0,1.837,1.738,,,,,,532.0,403.0,1.0,2.41,2.607
2002,14,9,7,0,4.188,3.241,136.0,101.0,1.0,1.737,1.648,,,,,,541.0,410.0,1.0,2.438,2.617
2002,15,9,7,0,4.125,4.576,137.0,101.0,1.0,2.074,2.035,,,,,,550.0,417.0,1.0,2.463,2.646
2002,16,9,7,0,0.938,2.023,137.0,102.0,1.0,1.945,2.162,,,,,,559.0,424.0,1.0,2.44,2.637
2002,17,11,5,0,6.5,7.316,138.0,101.0,1.0,2.164,2.429,,,,,,570.0,429.0,1.0,2.5,2.706
2003,1,10,6,0,6.188,5.985,143.0,96.0,1.0,2.832,3.025,,,,,,580.0,435.0,1.0,2.554,2.753
2003,2,8,8,0,0.438,-2.078,143.0,98.0,1.0,2.555,2.738,,,,,,588.0,443.0,1.0,2.523,2.684
2003,3,7,7,0,-0.929,2.732,138.0,103.0,1.0,1.912,2.237,,,,,,595.0,450.0,1.0,2.475,2.685
2003,4,7,7,0,-1.071,-2.309,139.0,102.0,1.0,1.895,2.027,,,,,,602.0,457.0,1.0,2.426,2.616
2003,5,10,4,0,2.071,0.091,142.0,99.0,1.0,2.18,2.127,,,,,,612.0,461.0,1.0,2.421,2.581
2003,6,9,5,0,4.357,5.034,140.0,101.0,1.0,1.895,1.985,,,,,,621.0,466.0,1.0,2.447,2.614
2003,7,6,8,0,-2.857,-0.359,140.0,101.0,1.0,1.609,1.888,,,,,,627.0,474.0,1.0,2.376,2.575
2003,8,9,4,0,5.0,4.565,144.0,96.0,1.0,2.372,2.54,,,,,,636.0,478.0,1.0,2.411,2.601
2003,9,8,6,0,3.214,5.59,145.0,96.0,0.0,2.631,3.098,,,,,,644.0,484.0,1.0,2.421,2.64
2003,10,11,3,0,6.071,7.352,144.0,95.0,0.0,2.749,3.238,,,,,,655.0,487.0,1.0,2.468,2.7
2003,11,13,3,0,10.062,7.73,146.0,93.0,0.0,3.39,3.693,,,,,,668.0,490.0,1.0,2.564,2.764
2003,12,9,7,0,0.875,0.544,145.0,94.0,0.0,3.073,3.252,677.0,497.0,1.0,2.543,2.736,677.0,497.0,1.0,2.543,2.736
2003,13,8,8,0,4.5,7.871,144.0,95.0,0.0,3.093,3.541,678.0,497.0,1.0,2.595,2.827,685.0,505.0,1.0,2.567,2.799
2003,14,11,5,0,11.188,10.577,146.0,93.0,0.0,3.534,3.916,681.0,495.0,1.0,2.732,2.96,696.0,510.0,1.0,2.672,2.894
2003,15,12,4,0,6.25,5.144,149.0,90.0,0.0,3.866,4.112,684.0,494.0,1.0,2.755,2.976,708.0,514.0,1.0,2.715,2.921
2003,16,8,8,0,-0.688,-1.593,146.0,93.0,0.0,3.417,3.555,684.0,496.0,1.0,2.765,2.961,716.0,522.0,1.0,2.675,2.868
2003,17,11,5,0,5.5,7.835,147.0,92.0,0.0,3.374,3.67,688.0,494.0,1.0,2.821,3.05,727.0,527.0,1.0,2.708,2.926
2004,1,9,7,0,2.188,2.06,148.0,91.0,0.0,3.483,3.929,692.0,492.0,1.0,2.874,3.086,736.0,534.0,1.0,2.702,2.916
2004,2,10,6,0,1.438,3.358,151.0,90.0,0.0,3.631,3.968,691.0,495.0,1.0,2.826,3.086,746.0,540.0,1.0,2.687,2.921
2004,3,7,7,0,2.857,1.099,151.0,90.0,0.0,3.877,4.181,692.0,494.0,1.0,2.863,3.091,753.0,547.0,1.0,2.689,2.9
2004,4,5,9,0,-0.429,3.304,146.0,95.0,0.0,3.72,4.382,690.0,496.0,1.0,2.892,3.151,758.0,556.0,1.0,2.654,2.905
2004,5,7,7,0,0.071,-2.315,144.0,97.0,0.0,3.452,3.923,687.0,498.0,1.0,2.817,3.054,765.0,563.0,1.0,2.626,2.847
2004,6,8,6,0,-0.143,-1.144,146.0,95.0,0.0,3.622,3.874,686.0,498.0,1.0,2.809,3.007,773.0,569.0,1.0,2.595,2.803
2004,7,9,5,0,8.357,8.694,146.0,96.0,0.0,3.832,4.132,687.0,496.0,1.0,2.897,3.109,782.0,574.0,1.0,2.658,2.867
2004,8,11,3,0,7.643,7.086,149.0,93.0,0.0,4.109,4.225,687.0,495.0,1.0,2.902,3.098,793.0,577.0,1.0,2.711,2.912
2004,9,8,6,0,4.643,4.418,146.0,96.0,0.0,4.02,4.042,685.0,496.0,1.0,2.899,3.101,801.0,583.0,1.0,2.732,2.928
2004,10,8,6,0,2.429,3.362,141.0,99.0,0.0,3.542,3.769,681.0,499.0,1.0,2.794,3.018,809.0,589.0,1.0,2.729,2.933
2004,11,7,9,0,2.812,4.463,139.0,101.0,0.0,3.664,4.014,679.0,502.0,1.0,2.747,2.957,816.0,598.0,1.0,2.73,2.949
2004,12,9,7,0,0.625,1.219,140.0,100.0,0.0,3.421,3.598,677.0,505.0,1.0,2.646,2.856,825.0,605.0,1.0,2.708,2.931
2004,13,9,7,0,6.625,7.469,138.0,102.0,0.0,3.136,3.404,678.0,505.0,1.0,2.759,2.978,834.0,612.0,1.0,2.748,2.977
2004,14,10,6,0,6.062,3.778,136.0,104.0,0.0,3.124,3.318,679.0,505.0,1.0,2.803,3.006,844.0,618.0,1.0,2.781,2.985
2004,15,8,8,0,1.375,3.588,136.0,104.0,0.0,3.253,3.642,679.0,507.0,1.0,2.778,3.029,852.0,626.0,1.0,2.767,2.991
2004,16,10,6,0,-3.312,-2.509,135.0,105.0,0.0,2.703,2.996,685.0,503.0,1.0,2.747,2.995,862.0,632.0,1.0,2.707,2.937
2004,17,10,6,0,0.062,-0.512,136.0,104.0,0.0,2.57,2.835,689.0,501.0,1.0,2.727,2.981,872.0,638.0,1.0,2.681,2.903
2005,1,11,5,0,6.562,6.625,137.0,103.0,0.0,2.89,3.039,694.0,498.0,1.0,2.827,3.058,883.0,643.0,1.0,2.719,2.939
2005,2,10,6,0,7.062,8.32,140.0,102.0,0.0,3.153,3.49,695.0,499.0,1.0,2.87,3.133,893.0,649.0,1.0,2.761,2.991
2005,3,8,6,0,4.5,2.796,143.0,99.0,0.0,3.461,3.459,693.0,501.0,1.0,2.824,3.075,901.0,655.0,1.0,2.777,2.989
2005,4,9,4,0,1.538,1.314,145.0,96.0,0.0,3.552,3.685,696.0,497.0,1.0,2.828,3.038,910.0,659.0,1.0,2.766,2.973
2005,5,8,6,0,4.214,8.626,145.0,96.0,0.0,3.825,4.296,696.0,496.0,1.0,2.907,3.125,918.0,665.0,1.0,2.779,3.026
2005,6,9,5,0,7.0,7.315,145.0,96.0,0.0,3.74,4.21,696.0,495.0,1.0,2.955,3.188,927.0,670.0,1.0,2.818,3.066
2005,7,10,4,0,4.214,8.144,144.0,97.0,0.0,3.526,4.276,697.0,493.0,1.0,2.978,3.285,937.0,674.0,1.0,2.831,3.113
2005,8,11,3,0,8.0,6.66,147.0,94.0,0.0,3.736,4.416,700.0,489.0,1.0,3.032,3.329,948.0,677.0,1.0,2.878,3.145
2005,9,5,9,0,-5.071,-1.714,144.0,97.0,0.0,3.267,4.099,697.0,491.0,1.0,2.969,3.298,953.0,686.0,1.0,2.806,3.101
2005,10,9,5,0,6.5,3.697,146.0,93.0,0.0,3.497,4.051,694.0,493.0,1.0,2.887,3.195,962.0,691.0,1.0,2.839,3.106
2005,11,8,8,0,4.375,3.891,145.0,94.0,0.0,3.732,4.218,694.0,494.0,1.0,2.915,3.19,970.0,699.0,1.0,2.853,3.113
2005,12,7,9,0,0.625,2.776,143.0,96.0,0.0,3.357,3.925,691.0,498.0,1.0,2.804,3.116,977.0,708.0,1.0,2.833,3.11
2005,13,9,7,0,1.438,-0.028,142.0,97.0,0.0,3.068,3.687,693.0,497.0,1.0,2.8,3.096,986.0,715.0,1.0,2.821,3.083
2005,14,10,6,0,3.625,1.161,144.0,95.0,0.0,3.208,3.535,695.0,497.0,1.0,2.825,3.034,996.0,721.0,1.0,2.828,3.066
2005,15,8,8,0,3.562,5.55,142.0,97.0,0.0,3.638,4.039,696.0,498.0,1.0,2.846,3.082,1004.0,729.0,1.0,2.834,3.088
2005,16,8,8,0,-0.188,1.773,140.0,99.0,0.0,3.622,4.182,693.0,502.0,1.0,2.799,3.087,1012.0,737.0,1.0,2.809,3.077
2005,17,10,6,0,3.312,1.576,139.0,100.0,0.0,3.419,3.866,693.0,504.0,1.0,2.805,3.06,1022.0,743.0,1.0,2.813,3.064
2006,1,5,11,0,-6.812,-6.356,134.0,105.0,0.0,2.552,2.949,693.0,507.0,1.0,2.745,2.97,1027.0,754.0,1.0,2.733,2.985
2006,2,12,4,0,9.312,5.988,138.0,103.0,0.0,2.853,3.148,697.0,505.0,1.0,2.795,2.969,1039.0,758.0,1.0,2.787,3.01
2006,3,4,10,0,-2.071,-0.937,133.0,109.0,0.0,2.627,3.008,693.0,509.0,1.0,2.766,2.965,1043.0,768.0,1.0,2.747,2.978
2006,4,10,4,0,5.714,6.503,135.0,107.0,0.0,2.721,2.875,694.0,507.0,1.0,2.749,2.94,1053.0,772.0,1.0,2.772,3.007
2006,5,12,2,0,11.643,8.358,138.0,104.0,0.0,3.011,2.94,701.0,499.0,1.0,2.936,3.092,1065.0,774.0,1.0,2.843,3.05
2006,6,7,6,0,2.769,4.181,135.0,106.0,0.0,2.921,2.692,705.0,493.0,1.0,3.007,3.154,1072.0,780.0,1.0,2.842,3.059
2006,7,8,5,0,-0.692,2.557,132.0,108.0,0.0,2.378,2.436,706.0,490.0,1.0,3.003,3.211,1080.0,785.0,1.0,2.814,3.055
2006,8,8,6,0,2.357,1.73,135.0,105.0,0.0,2.842,2.651,702.0,493.0,1.0,2.947,3.169,1088.0,791.0,1.0,2.811,3.044
2006,9,9,5,0,2.5,1.243,135.0,105.0,0.0,2.592,2.498,702.0,492.0,1.0,2.933,3.11,1097.0,796.0,1.0,2.808,3.03
2006,10,6,10,0,-1.188,-1.956,133.0,107.0,0.0,2.244,2.132,698.0,497.0,1.0,2.845,3.027,1103.0,806.0,1.0,2.777,2.992
2006,11,9,7,0,-1.062,0.811,135.0,105.0,0.0,2.139,2.01,699.0,497.0,1.0,2.848,3.058,1112.0,813.0,1.0,2.748,2.975
2006,12,13,3,0,4.812,3.486,139.0,101.0,0.0,2.35,2.229,703.0,494.0,1.0,2.87,3.102,1125.0,816.0,1.0,2.764,2.979
2006,13,8,8,0,-0.688,-0.662,137.0,103.0,0.0,2.08,2.115,701.0,496.0,1.0,2.824,3.055,1133.0,824.0,1.0,2.737,2.951
2006,14,6,10,0,-0.188,1.541,135.0,105.0,0.0,1.846,1.865,702.0,495.0,1.0,2.878,3.119,1139.0,834.0,1.0,2.715,2.941
2006,15,8,8,0,-0.812,-3.031,135.0,105.0,0.0,1.807,1.564,702.0,497.0,1.0,2.807,3.05,1147.0,842.0,1.0,2.689,2.896
2006,16,4,12,0,-6.562,-2.962,129.0,111.0,0.0,1.19,1.281,694.0,507.0,1.0,2.608,2.878,1151.0,854.0,1.0,2.621,2.853
2006,17,7,9,0,-2.562,-6.94,131.0,109.0,0.0,1.455,1.244,695.0,508.0,1.0,2.586,2.778,1158.0,863.0,1.0,2.583,2.781
2007,1,10,6,0,2.25,2.999,129.0,111.0,0.0,1.014,1.058,698.0,507.0,1.0,2.646,2.835,1168.0,869.0,1.0,2.58,2.782
2007,2,10,6,0,2.438,2.114,135.0,107.0,0.0,1.296,1.248,697.0,510.0,1.0,2.564,2.77,1178.0,875.0,1.0,2.579,2.777
2007,3,10,6,0,3.688,2.726,135.0,109.0,0.0,1.169,1.012,701.0,508.0,1.0,2.589,2.789,1188.0,881.0,1.0,2.587,2.777
2007,4,8,6,0,0.714,3.632,131.0,113.0,0.0,0.486,0.717,704.0,505.0,1.0,2.688,2.908,1196.0,887.0,1.0,2.574,2.783
2007,5,7,7,0,3.214,1.634,131.0,114.0,0.0,0.514,0.558,704.0,506.0,0.0,2.74,2.97,1203.0,894.0,1.0,2.578,2.775
2007,6,7,6,0,-0.154,-3.188,130.0,115.0,0.0,0.547,0.199,699.0,508.0,0.0,2.686,2.866,1210.0,900.0,1.0,2.559,2.733
2007,7,9,5,0,2.5,4.743,131.0,114.0,0.0,0.556,0.387,697.0,508.0,0.0,2.719,2.92,1219.0,905.0,1.0,2.559,2.747
2007,8,3,9,0,-1.833,-2.824,125.0,118.0,0.0,0.285,0.133,690.0,511.0,0.0,2.622,2.789,1222.0,914.0,1.0,2.528,2.708
2007,9,9,5,0,6.857,8.915,128.0,113.0,0.0,0.788,0.812,690.0,509.0,0.0,2.656,2.86,1231.0,919.0,1.0,2.558,2.751
2007,10,5,9,0,-1.429,-2.062,124.0,115.0,0.0,0.765,0.633,686.0,511.0,0.0,2.586,2.777,1236.0,928.0,1.0,2.531,2.718
2007,11,10,6,0,-0.5,-1.383,121.0,118.0,0.0,0.433,0.328,687.0,510.0,0.0,2.568,2.735,1246.0,934.0,1.0,2.51,2.69
2007,12,9,7,0,2.062,-0.209,122.0,117.0,0.0,0.605,0.357,685.0,512.0,0.0,2.513,2.641,1255.0,941.0,1.0,2.507,2.671
2007,13,9,7,0,3.625,5.583,125.0,114.0,0.0,0.844,0.609,684.0,513.0,0.0,2.481,2.636,1264.0,948.0,1.0,2.514,2.69
2007,14,9,7,0,6.875,6.969,126.0,113.0,0.0,1.324,1.234,685.0,512.0,0.0,2.561,2.749,1273.0,955.0,1.0,2.544,2.719
2007,15,10,6,0,4.938,5.299,132.0,107.0,0.0,2.043,1.75,688.0,511.0,0.0,2.634,2.781,1283.0,961.0,1.0,2.559,2.736
2007,16,11,5,0,6.438,4.041,136.0,103.0,0.0,2.605,2.437,692.0,509.0,0.0,2.728,2.86,1294.0,966.0,1.0,2.585,2.744
2007,17,11,5,0,5.375,7.874,137.0,102.0,0.0,2.8,2.742,693.0,510.0,0.0,2.77,2.958,1305.0,971.0,1.0,2.603,2.778
2008,1,10,6,0,3.312,2.943,137.0,102.0,0.0,2.855,2.793,694.0,511.0,0.0,2.757,2.931,1315.0,977.0,1.0,2.608,2.779
2008,2,6,9,0,-3.8,-1.458,133.0,105.0,0.0,2.387,2.532,694.0,512.0,0.0,2.745,2.918,1321.0,986.0,1.0,2.566,2.752
2008,3,12,4,0,7.062,2.789,137.0,103.0,0.0,2.784,2.479,697.0,512.0,0.0,2.771,2.896,1333.0,990.0,1.0,2.595,2.752
2008,4,9,4,0,4.538,6.435,139.0,100.0,0.0,2.867,2.779,698.0,510.0,0.0,2.787,2.906,1342.0,994.0,1.0,2.608,2.775
2008,5,6,8,0,3.929,5.693,138.0,102.0,0.0,3.122,3.334,693.0,515.0,0.0,2.76,2.885,1348.0,1002.0,1.0,2.616,2.794
2008,6,10,4,0,8.143,8.205,139.0,101.0,0.0,3.474,3.551,690.0,516.0,0.0,2.736,2.891,1358.0,1006.0,1.0,2.651,2.828
2008,7,11,3,0,5.857,7.572,147.0,95.0,0.0,3.955,4.2,692.0,512.0,0.0,2.799,2.979,1369.0,1009.0,1.0,2.671,2.858
2008,8,9,4,0,4.385,2.874,147.0,94.0,0.0,3.801,3.823,693.0,508.0,0.0,2.797,2.917,1378.0,1013.0,1.0,2.681,2.858
2008,9,6,8,0,-5.143,-3.941,148.0,93.0,0.0,3.568,3.705,688.0,511.0,0.0,2.593,2.735,1384.0,1021.0,1.0,2.633,2.816
2008,10,7,7,0,-0.429,0.004,145.0,94.0,0.0,3.573,3.792,683.0,514.0,0.0,2.51,2.671,1391.0,1028.0,1.0,2.614,2.798
2008,11,8,7,1,3.625,2.767,144.0,94.0,1.0,3.671,3.978,683.0,513.0,1.0,2.563,2.725,1399.0,1035.0,2.0,2.62,2.798
2008,12,5,11,0,-4.438,-3.318,140.0,98.0,1.0,3.167,3.422,677.0,519.0,1.0,2.439,2.586,1404.0,1046.0,2.0,2.578,2.761
2008,13,5,11,0,-4.188,-3.038,136.0,102.0,1.0,2.475,2.796,673.0,523.0,1.0,2.36,2.522,1409.0,1057.0,2.0,2.537,2.726
2008,14,11,4,0,10.4,8.144,137.0,100.0,1.0,2.817,2.974,674.0,521.0,1.0,2.472,2.582,1420.0,1061.0,2.0,2.584,2.759
2008,15,11,5,0,2.312,3.816,137.0,100.0,1.0,2.559,2.96,678.0,519.0,1.0,2.465,2.616,1431.0,1066.0,2.0,2.582,2.765
2008,16,7,9,0,-0.625,1.721,133.0,104.0,1.0,2.184,2.576,680.0,519.0,1.0,2.462,2.596,1438.0,1075.0,2.0,2.563,2.759
2008,17,12,4,0,10.125,7.885,135.0,102.0,1.0,2.61,2.884,685.0,516.0,1.0,2.588,2.724,1450.0,1079.0,2.0,2.608,2.789
2009,1,9,7,0,0.312,-0.755,138.0,100.0,1.0,2.867,2.928,686.0,517.0,1.0,2.594,2.729,1459.0,1086.0,2.0,2.594,2.768
2009,2,7,9,0,-0.688,1.351,133.0,105.0,1.0,2.382,2.838,684.0,521.0,1.0,2.481,2.637,1466.0,1095.0,2.0,2.575,2.76
2009,3,9,7,0,-0.5,0.44,133.0,108.0,1.0,2.067,2.464,682.0,525.0,1.0,2.379,2.554,1475.0,1102.0,2.0,2.558,2.747
2009,4,12,2,0,12.857,11.195,139.0,102.0,1.0,2.625,2.808,686.0,521.0,1.0,2.482,2.639,1487.0,1104.0,2.0,2.617,2.795
2009,5,7,7,0,0.643,3.951,136.0,105.0,1.0,2.157,2.542,685.0,522.0,1.0,2.459,2.646,1494.0,1111.0,2.0,2.606,2.802
2009,6,8,6,0,5.071,2.393,133.0,108.0,1.0,2.107,2.218,686.0,519.0,1.0,2.487,2.62,1502.0,1117.0,2.0,2.62,2.799
2009,7,4,8,0,-9.0,-4.73,128.0,112.0,1.0,1.271,1.743,681.0,520.0,1.0,2.367,2.546,1506.0,1125.0,2.0,2.554,2.757
2009,8,8,5,0,5.385,0.939,130.0,109.0,1.0,1.929,2.048,680.0,518.0,1.0,2.352,2.464,1514.0,1130.0,2.0,2.57,2.747
2009,9,8,5,0,1.692,-0.002,131.0,107.0,1.0,2.061,2.047,678.0,517.0,1.0,2.297,2.417,1522.0,1135.0,2.0,2.565,2.731
2009,10,10,5,0,4.067,4.653,133.0,105.0,0.0,2.089,2.165,680.0,514.0,1.0,2.331,2.43,1532.0,1140.0,2.0,2.573,2.742
2009,11,9,7,0,-1.312,1.395,137.0,101.0,0.0,2.284,2.46,679.0,515.0,1.0,2.356,2.479,1541.0,1147.0,2.0,2.552,2.735
2009,12,13,3,0,8.688,8.027,145.0,93.0,0.0,3.089,3.151,682.0,512.0,1.0,2.463,2.586,1554.0,1150.0,2.0,2.585,2.764
2009,13,10,6,0,0.188,1.454,144.0,95.0,0.0,2.451,2.733,681.0,513.0,1.0,2.384,2.521,1564.0,1156.0,2.0,2.572,2.756
2009,14,8,8,0,6.375,6.205,141.0,98.0,0.0,2.705,2.883,679.0,515.0,1.0,2.375,2.495,1572.0,1164.0,2.0,2.593,2.775
2009,15,6,10,0,-1.562,0.409,140.0,99.0,0.0,2.646,2.801,677.0,519.0,1.0,2.299,2.465,1578.0,1174.0,2.0,2.571,2.762
2009,16,10,6,0,4.0,-0.738,138.0,101.0,0.0,2.264,2.262,678.0,521.0,1.0,2.33,2.439,1588.0,1180.0,2.0,2.578,2.744
2009,17,8,8,0,2.5,6.433,137.0,102.0,0.0,2.4,2.711,678.0,523.0,1.0,2.309,2.412,1596.0,1188.0,2.0,2.578,2.763
2010,1,12,4,0,6.812,7.562,142.0,97.0,0.0,2.869,3.099,681.0,522.0,1.0,2.306,2.415,1608.0,1192.0,2.0,2.6,2.789
2010,2,8,8,0,6.562,6.212,141.0,98.0,0.0,3.31,3.46,679.0,526.0,1.0,2.336,2.391,1616.0,1200.0,2.0,2.621,2.807
2010,3,8,8,0,-2.875,-1.932,137.0,104.0,0.0,2.327,2.639,676.0,531.0,1.0,2.2,2.283,1624.0,1208.0,2.0,2.592,2.782
2010,4,8,6,0,0.143,0.177,138.0,103.0,0.0,2.296,2.404,679.0,528.0,1.0,2.265,2.307,1632.0,1214.0,2.0,2.58,2.768
2010,5,7,7,0,1.286,2.542,137.0,104.0,0.0,2.059,2.413,677.0,530.0,1.0,2.2,2.292,1639.0,1221.0,2.0,2.573,2.767
2010,6,8,6,0,-0.286,0.207,141.0,102.0,0.0,2.604,2.721,677.0,528.0,1.0,2.142,2.246,1647.0,1227.0,2.0,2.558,2.754
2010,7,8,6,0,-0.071,-1.96,141.0,103.0,0.0,2.263,2.54,678.0,525.0,1.0,2.133,2.187,1655.0,1233.0,2.0,2.544,2.73
2010,8,8,4,0,4.833,5.772,141.0,102.0,0.0,2.459,2.901,677.0,522.0,1.0,2.175,2.26,1663.0,1237.0,2.0,2.556,2.745
2010,9,7,6,0,0.385,4.011,138.0,103.0,0.0,2.229,2.861,674.0,522.0,1.0,2.135,2.295,1670.0,1243.0,2.0,2.545,2.752
2010,10,9,5,0,0.214,-0.449,138.0,101.0,0.0,2.324,2.746,675.0,519.0,1.0,2.093,2.22,1679.0,1248.0,2.0,2.533,2.735
2010,11,9,7,0,-0.312,-1.973,134.0,105.0,0.0,1.762,2.121,676.0,518.0,1.0,2.091,2.173,1688.0,1255.0,2.0,2.519,2.712
2010,12,7,9,0,-3.438,-1.888,131.0,108.0,0.0,1.535,1.912,673.0,521.0,1.0,2.007,2.13,1695.0,1264.0,2.0,2.489,2.689
2010,13,7,9,0,4.938,3.77,130.0,109.0,0.0,1.446,1.76,675.0,519.0,1.0,2.154,2.257,1702.0,1273.0,2.0,2.501,2.694
2010,14,8,7,0,4.4,5.813,132.0,106.0,0.0,1.818,2.097,671.0,522.0,1.0,2.093,2.255,1710.0,1280.0,2.0,2.511,2.709
2010,15,9,7,0,0.938,-0.794,131.0,107.0,0.0,1.627,2.094,676.0,519.0,1.0,2.13,2.256,1719.0,1287.0,2.0,2.503,2.692
2010,16,9,7,0,3.375,4.225,132.0,106.0,0.0,1.682,1.956,675.0,522.0,1.0,2.101,2.228,1728.0,1294.0,2.0,2.507,2.7
2010,17,10,6,0,5.75,3.616,130.0,108.0,0.0,1.615,1.709,673.0,526.0,1.0,2.027,2.169,1738.0,1300.0,2.0,2.523,2.704
2011,1,10,6,0,2.75,3.021,132.0,106.0,0.0,1.377,1.51,676.0,526.0,1.0,2.027,2.154,1748.0,1306.0,2.0,2.524,2.706
2011,2,11,5,0,8.25,7.969,135.0,103.0,0.0,2.072,2.129,679.0,526.0,1.0,2.139,2.222,1759.0,1311.0,2.0,2.552,2.731
2011,3,10,6,0,-1.438,0.057,137.0,103.0,0.0,1.973,2.121,681.0,526.0,1.0,2.091,2.201,1769.0,1317.0,2.0,2.533,2.718
2011,4,8,8,0,1.188,2.183,138.0,104.0,0.0,1.967,2.099,680.0,529.0,1.0,2.075,2.213,1777.0,1325.0,2.0,2.526,2.716
2011,5,6,7,0,5.231,6.505,136.0,105.0,0.0,2.312,2.492,680.0,526.0,1.0,2.155,2.318,1783.0,1332.0,2.0,2.539,2.734
2011,6,11,2,0,9.077,4.276,139.0,101.0,0.0,2.884,2.882,682.0,521.0,1.0,2.282,2.362,1794.0,1334.0,2.0,2.57,2.741
2011,7,6,6,0,1.583,3.318,137.0,103.0,0.0,2.681,2.729,675.0,524.0,1.0,2.242,2.36,1800.0,1340.0,2.0,2.566,2.744
2011,8,10,3,0,4.154,4.195,140.0,100.0,0.0,2.916,2.74,677.0,519.0,1.0,2.302,2.42,1810.0,1343.0,2.0,2.573,2.751
2011,9,4,10,0,-5.143,-5.474,135.0,105.0,0.0,2.581,2.426,675.0,519.0,1.0,2.24,2.333,1814.0,1353.0,2.0,2.537,2.712
2011,10,6,10,0,0.188,-0.701,132.0,108.0,0.0,2.613,2.506,673.0,521.0,1.0,2.253,2.362,1820.0,1363.0,2.0,2.526,2.696
2011,11,10,4,0,6.857,4.385,135.0,103.0,0.0,3.256,2.898,679.0,513.0,1.0,2.42,2.454,1830.0,1367.0,2.0,2.546,2.704
2011,12,8,8,0,0.188,0.549,136.0,102.0,0.0,2.959,2.696,680.0,512.0,1.0,2.455,2.547,1838.0,1375.0,2.0,2.535,2.694
2011,13,8,8,0,2.125,2.935,136.0,103.0,0.0,2.817,2.517,678.0,514.0,1.0,2.453,2.546,1846.0,1383.0,2.0,2.533,2.695
2011,14,10,6,0,7.75,6.335,137.0,102.0,0.0,3.243,2.962,678.0,514.0,1.0,2.52,2.599,1856.0,1389.0,2.0,2.557,2.712
2011,15,7,9,0,-0.688,3.304,135.0,104.0,0.0,2.989,2.905,675.0,517.0,1.0,2.465,2.606,1863.0,1398.0,2.0,2.542,2.715
2011,16,11,5,0,8.812,5.738,136.0,103.0,0.0,3.18,3.037,678.0,516.0,1.0,2.566,2.633,1874.0,1403.0,2.0,2.571,2.728
2011,17,9,7,0,5.812,6.181,135.0,104.0,0.0,3.372,3.235,680.0,516.0,1.0,2.599,2.689,1883.0,1410.0,2.0,2.586,2.744
2012,1,9,7,0,3.188,2.67,133.0,106.0,0.0,3.055,2.904,682.0,517.0,1.0,2.64,2.763,1892.0,1417.0,2.0,2.588,2.744
2012,2,14,2,0,8.688,7.73,137.0,102.0,0.0,3.688,3.383,687.0,514.0,1.0,2.718,2.8,1906.0,1419.0,2.0,2.616,2.766
2012,3,8,8,0,-1.438,0.748,137.0,102.0,0.0,3.524,3.293,692.0,513.0,1.0,2.723,2.845,1914.0,1427.0,2.0,2.598,2.757
2012,4,8,7,0,-2.733,-2.347,139.0,102.0,0.0,3.026,2.74,691.0,515.0,1.0,2.603,2.704,1922.0,1434.0,2.0,2.574,2.734
2012,5,8,6,0,3.786,5.61,136.0,106.0,0.0,2.696,2.824,694.0,512.0,1.0,2.668,2.8,1930.0,1440.0,2.0,2.579,2.747
2012,6,9,5,0,2.143,1.675,139.0,105.0,0.0,2.731,2.721,693.0,511.0,1.0,2.701,2.838,1939.0,1445.0,2.0,2.577,2.742
2012,7,8,5,0,2.615,2.878,137.0,107.0,0.0,2.634,2.638,692.0,509.0,1.0,2.708,2.877,1947.0,1450.0,2.0,2.577,2.743
2012,8,6,7,0,-3.462,-3.575,139.0,104.0,0.0,2.739,2.757,689.0,509.0,1.0,2.619,2.762,1953.0,1457.0,2.0,2.551,2.715
2012,9,7,7,0,-0.714,-1.602,140.0,101.0,0.0,2.683,2.701,687.0,509.0,1.0,2.524,2.655,1960.0,1464.0,2.0,2.537,2.697
2012,10,8,5,1,0.857,-0.759,138.0,102.0,1.0,2.308,2.379,685.0,508.0,2.0,2.473,2.579,1968.0,1469.0,3.0,2.53,2.682
2012,11,8,6,0,2.857,2.618,138.0,100.0,1.0,2.475,2.509,682.0,509.0,2.0,2.429,2.562,1976.0,1475.0,3.0,2.531,2.681
2012,12,7,9,0,0.438,4.183,137.0,101.0,1.0,2.369,2.587,678.0,513.0,2.0,2.367,2.515,1983.0,1484.0,3.0,2.522,2.688
2012,13,9,7,0,1.062,2.03,136.0,102.0,1.0,1.951,2.318,677.0,514.0,2.0,2.339,2.504,1992.0,1491.0,3.0,2.516,2.685
2012,14,10,6,0,8.938,8.424,139.0,99.0,1.0,2.553,2.638,681.0,511.0,2.0,2.498,2.627,2002.0,1497.0,3.0,2.543,2.709
2012,15,8,8,0,1.062,1.026,136.0,102.0,1.0,2.069,2.343,677.0,515.0,2.0,2.423,2.605,2010.0,1505.0,3.0,2.537,2.702
2012,16,6,10,0,2.875,3.937,133.0,105.0,1.0,1.885,2.203,674.0,521.0,2.0,2.402,2.574,2016.0,1515.0,3.0,2.538,2.707
2012,17,13,3,0,11.938,7.655,137.0,101.0,1.0,2.432,2.514,681.0,516.0,2.0,2.502,2.599,2029.0,1518.0,3.0,2.578,2.728
2013,1,9,7,0,-0.125,0.584,132.0,106.0,1.0,1.881,2.068,680.0,519.0,2.0,2.399,2.503,2038.0,1525.0,3.0,2.566,2.719
2013,2,12,4,0,4.25,2.363,136.0,102.0,1.0,2.237,2.169,681.0,520.0,2.0,2.379,2.438,2050.0,1529.0,3.0,2.573,2.718
2013,3,11,5,0,8.188,4.105,139.0,100.0,1.0,2.919,2.572,683.0,521.0,2.0,2.426,2.454,2061.0,1534.0,3.0,2.597,2.724
2013,4,8,6,0,3.714,8.077,139.0,100.0,1.0,2.915,2.726,685.0,519.0,2.0,2.537,2.604,2069.0,1540.0,3.0,2.601,2.746
2013,5,8,6,0,5.0,6.313,138.0,101.0,1.0,3.093,3.016,686.0,518.0,2.0,2.605,2.683,2077.0,1546.0,3.0,2.611,2.76
2013,6,8,7,0,-0.467,-3.271,138.0,103.0,1.0,2.901,2.632,686.0,518.0,1.0,2.554,2.607,2085.0,1553.0,3.0,2.599,2.736
2013,7,9,6,0,0.733,3.422,141.0,102.0,1.0,3.163,3.069,690.0,513.0,1.0,2.619,2.692,2094.0,1559.0,3.0,2.591,2.738
2013,8,8,4,0,6.0,6.902,142.0,99.0,1.0,3.582,3.601,693.0,506.0,1.0,2.746,2.816,2102.0,1563.0,3.0,2.605,2.755
2013,9,8,5,0,1.462,2.698,142.0,99.0,0.0,3.62,3.817,690.0,507.0,1.0,2.634,2.748,2110.0,1568.0,3.0,2.6,2.755
2013,10,7,7,0,-1.071,-3.163,141.0,100.0,0.0,3.375,3.455,686.0,509.0,1.0,2.592,2.661,2117.0,1575.0,3.0,2.585,2.731
2013,11,12,3,0,7.533,7.465,146.0,94.0,0.0,3.818,3.66,691.0,503.0,1.0,2.694,2.732,2129.0,1578.0,3.0,2.605,2.75
2013,12,4,9,1,0.286,2.288,141.0,96.0,1.0,3.77,3.677,683.0,508.0,2.0,2.571,2.662,2133.0,1587.0,4.0,2.596,2.748
2013,13,9,6,0,4.2,4.644,140.0,96.0,1.0,3.474,3.44,683.0,507.0,2.0,2.619,2.73,2142.0,1593.0,4.0,2.602,2.756
2013,14,14,2,0,8.312,6.183,146.0,90.0,1.0,3.927,3.763,690.0,500.0,2.0,2.732,2.79,2156.0,1595.0,4.0,2.625,2.77
2013,15,7,9,0,-1.125,1.761,147.0,89.0,1.0,3.677,3.627,688.0,502.0,2.0,2.724,2.807,2163.0,1604.0,4.0,2.61,2.766
2013,16,8,8,0,2.625,3.023,142.0,94.0,1.0,3.095,3.337,684.0,508.0,2.0,2.596,2.705,2171.0,1612.0,4.0,2.61,2.767
2013,17,10,6,0,5.438,3.121,143.0,93.0,1.0,3.442,3.496,687.0,507.0,2.0,2.656,2.694,2181.0,1618.0,4.0,2.621,2.768
2014,1,10,6,0,1.875,1.146,141.0,95.0,1.0,3.294,3.42,689.0,507.0,2.0,2.616,2.679,2191.0,1624.0,4.0,2.619,2.762
2014,2,9,7,0,2.938,2.498,139.0,97.0,1.0,2.966,3.319,694.0,506.0,2.0,2.765,2.769,2200.0,1631.0,4.0,2.62,2.761
2014,3,9,7,0,2.5,1.882,140.0,98.0,1.0,2.89,2.932,695.0,508.0,2.0,2.729,2.781,2209.0,1638.0,4.0,2.619,2.757
2014,4,8,4,0,6.75,5.808,140.0,96.0,1.0,2.999,2.9,695.0,507.0,2.0,2.793,2.853,2217.0,1642.0,4.0,2.635,2.769
2014,5,11,4,0,8.8,7.601,143.0,93.0,1.0,3.578,3.58,696.0,506.0,2.0,2.852,2.89,2228.0,1646.0,4.0,2.659,2.788
2014,6,4,10,1,-4.0,-0.152,138.0,97.0,2.0,3.283,3.357,691.0,509.0,3.0,2.818,2.871,2232.0,1656.0,5.0,2.633,2.776
2014,7,12,3,0,7.4,7.554,142.0,96.0,2.0,3.37,3.397,690.0,509.0,3.0,2.802,2.865,2244.0,1659.0,5.0,2.652,2.795
2014,8,8,6,0,4.5,4.606,142.0,97.0,2.0,3.56,3.517,688.0,509.0,3.0,2.856,2.904,2252.0,1665.0,5.0,2.659,2.801
2014,9,8,5,0,4.538,2.109,143.0,95.0,2.0,3.911,3.846,688.0,506.0,3.0,2.833,2.853,2260.0,1670.0,5.0,2.666,2.799
2014,10,7,5,0,5.5,5.025,138.0,97.0,2.0,3.784,3.694,689.0,501.0,3.0,2.921,2.911,2267.0,1675.0,5.0,2.676,2.807
2014,11,7,7,0,0.143,1.009,141.0,95.0,1.0,3.775,3.614,686.0,502.0,3.0,2.873,2.933,2274.0,1682.0,5.0,2.667,2.8
2014,12,9,5,0,5.571,3.727,141.0,94.0,1.0,3.86,3.556,687.0,499.0,3.0,2.911,2.899,2283.0,1687.0,5.0,2.678,2.804
2014,13,9,7,0,6.625,7.402,136.0,99.0,1.0,3.755,3.632,684.0,502.0,3.0,2.909,2.897,2292.0,1694.0,5.0,2.693,2.821
2014,14,6,10,0,-7.312,-5.14,135.0,100.0,1.0,3.368,3.201,682.0,504.0,3.0,2.736,2.755,2298.0,1704.0,5.0,2.655,2.792
2014,15,9,7,0,0.438,-1.86,136.0,99.0,1.0,3.232,2.896,683.0,503.0,3.0,2.777,2.756,2307.0,1711.0,5.0,2.647,2.774
2014,16,9,7,0,0.062,5.253,135.0,100.0,1.0,2.895,3.029,684.0,504.0,3.0,2.776,2.819,2316.0,1718.0,5.0,2.638,2.783
2014,17,9,7,0,-0.312,-2.245,134.0,101.0,1.0,2.759,2.817,686.0,504.0,3.0,2.756,2.76,2325.0,1725.0,5.0,2.627,2.765
2015,1,10,6,0,0.375,1.658,135.0,100.0,1.0,2.599,2.765,688.0,504.0,3.0,2.764,2.778,2335.0,1731.0,5.0,2.619,2.761
2015,2,9,7,0,1.125,4.258,135.0,100.0,1.0,2.513,2.913,689.0,505.0,3.0,2.779,2.855,2344.0,1738.0,5.0,2.613,2.766
2015,3,8,8,0,4.812,2.165,135.0,104.0,1.0,2.392,2.686,689.0,509.0,3.0,2.779,2.81,2352.0,1746.0,5.0,2.621,2.764
2015,4,9,5,0,1.286,-0.217,133.0,105.0,1.0,1.922,2.197,691.0,508.0,3.0,2.79,2.757,2361.0,1751.0,5.0,2.616,2.753
2015,5,6,8,0,-1.143,-0.083,135.0,103.0,0.0,2.1,2.201,688.0,511.0,3.0,2.773,2.762,2367.0,1759.0,5.0,2.603,2.743
2015,6,8,6,0,0.786,2.777,131.0,106.0,0.0,1.687,1.903,687.0,510.0,3.0,2.787,2.821,2375.0,1765.0,5.0,2.596,2.743
2015,7,8,5,0,2.846,1.976,131.0,105.0,0.0,1.584,1.738,688.0,506.0,3.0,2.866,2.87,2383.0,1770.0,5.0,2.597,2.741
2015,8,8,5,0,6.077,6.17,131.0,105.0,0.0,1.68,1.992,689.0,502.0,3.0,2.88,2.9,2391.0,1775.0,5.0,2.609,2.753
2015,9,9,4,0,3.692,0.223,133.0,104.0,0.0,1.567,1.692,690.0,499.0,3.0,2.871,2.83,2400.0,1779.0,5.0,2.613,2.744
2015,10,3,11,0,-2.643,-3.553,129.0,108.0,0.0,1.393,1.407,684.0,503.0,3.0,2.826,2.795,2403.0,1790.0,5.0,2.595,2.721
2015,11,8,6,0,-1.071,-2.877,128.0,109.0,0.0,0.978,0.994,683.0,502.0,3.0,2.771,2.707,2411.0,1796.0,5.0,2.582,2.702
2015,12,9,7,0,4.938,6.25,128.0,109.0,0.0,0.872,0.922,682.0,503.0,3.0,2.761,2.74,2420.0,1803.0,5.0,2.59,2.714
2015,13,5,11,0,-5.625,-1.903,127.0,110.0,0.0,0.978,1.124,677.0,508.0,3.0,2.656,2.678,2425.0,1814.0,5.0,2.561,2.698
2015,14,9,7,0,4.188,3.898,127.0,110.0,0.0,1.212,1.484,675.0,510.0,3.0,2.605,2.627,2434.0,1821.0,5.0,2.567,2.702
2015,15,7,9,0,0.438,0.904,125.0,112.0,0.0,1.236,1.213,672.0,513.0,3.0,2.629,2.638,2441.0,1830.0,5.0,2.559,2.696
2015,16,11,5,0,4.062,4.118,127.0,110.0,0.0,1.509,1.61,675.0,510.0,3.0,2.664,2.662,2452.0,1835.0,5.0,2.565,2.701
2015,17,9,7,0,1.312,0.634,126.0,111.0,0.0,1.568,1.546,678.0,510.0,3.0,2.615,2.588,2461.0,1842.0,5.0,2.56,2.694
2016,1,7,9,0,1.25,1.241,124.0,113.0,0.0,1.575,1.358,674.0,517.0,3.0,2.518,2.551,2468.0,1851.0,5.0,2.556,2.689
2016,2,10,6,0,5.375,3.552,126.0,111.0,0.0,1.61,1.444,678.0,517.0,3.0,2.565,2.553,2478.0,1857.0,5.0,2.566,2.692
2016,3,9,7,0,5.688,5.928,126.0,113.0,0.0,1.886,1.828,677.0,521.0,3.0,2.584,2.575,2487.0,1864.0,5.0,2.576,2.703
2016,4,7,7,0,2.5,1.859,127.0,112.0,0.0,2.113,1.95,680.0,518.0,3.0,2.68,2.667,2494.0,1871.0,5.0,2.576,2.7
2016,5,7,7,0,-0.357,-2.031,126.0,113.0,0.0,2.042,1.649,681.0,515.0,3.0,2.673,2.65,2501.0,1878.0,5.0,2.566,2.684
2016,6,12,3,0,5.867,7.357,130.0,111.0,0.0,2.231,1.986,683.0,514.0,3.0,2.661,2.687,2513.0,1881.0,5.0,2.577,2.7
2016,7,8,5,1,1.643,1.314,130.0,111.0,1.0,1.954,1.682,683.0,511.0,4.0,2.679,2.697,2521.0,1886.0,6.0,2.574,2.695
2016,8,8,4,0,1.667,5.419,129.0,111.0,1.0,1.827,2.007,683.0,507.0,4.0,2.673,2.728,2529.0,1890.0,6.0,2.571,2.704
2016,9,7,6,0,-2.077,-0.223,133.0,106.0,1.0,1.862,2.215,680.0,507.0,4.0,2.55,2.646,2536.0,1896.0,6.0,2.555,2.694
2016,10,7,7,0,4.143,6.036,132.0,107.0,1.0,2.188,2.772,680.0,505.0,4.0,2.611,2.68,2543.0,1903.0,6.0,2.561,2.705
2016,11,8,5,0,2.308,0.642,131.0,105.0,1.0,2.024,2.422,677.0,505.0,4.0,2.529,2.616,2551.0,1908.0,6.0,2.56,2.699
2016,12,9,7,0,0.938,2.753,135.0,101.0,1.0,2.434,2.713,677.0,505.0,4.0,2.468,2.574,2560.0,1915.0,6.0,2.554,2.699
2016,13,9,6,0,6.2,6.862,135.0,100.0,1.0,2.56,2.898,677.0,504.0,4.0,2.506,2.626,2569.0,1921.0,6.0,2.566,2.712
2016,14,9,7,0,-0.062,2.475,137.0,98.0,1.0,2.529,2.996,672.0,509.0,4.0,2.397,2.56,2578.0,1928.0,6.0,2.558,2.712
2016,15,7,9,0,-0.25,-3.148,133.0,102.0,1.0,2.259,2.542,671.0,510.0,4.0,2.411,2.512,2585.0,1937.0,6.0,2.549,2.692
2016,16,11,5,0,6.312,5.473,135.0,100.0,1.0,2.572,2.844,674.0,508.0,4.0,2.525,2.609,2596.0,1942.0,6.0,2.561,2.702
2016,17,10,6,0,1.938,3.975,138.0,97.0,1.0,2.615,3.015,676.0,508.0,4.0,2.501,2.589,2606.0,1948.0,6.0,2.559,2.706
2017,1,7,8,0,-0.933,-0.31,135.0,99.0,1.0,2.22,2.774,674.0,511.0,4.0,2.463,2.564,2613.0,1956.0,6.0,2.548,2.696
2017,2,9,7,0,3.938,1.56,135.0,99.0,1.0,2.111,2.501,675.0,513.0,4.0,2.48,2.548,2622.0,1963.0,6.0,2.552,2.692
2017,3,10,5,0,2.0,4.342,138.0,97.0,1.0,2.08,2.656,679.0,511.0,4.0,2.548,2.647,2632.0,1968.0,6.0,2.55,2.698
2017,4,8,7,0,3.4,0.542,139.0,97.0,1.0,2.314,2.817,680.0,511.0,4.0,2.599,2.673,2640.0,1975.0,6.0,2.553,2.691
2017,5,4,10,0,-2.214,-1.116,131.0,104.0,1.0,1.809,2.287,676.0,516.0,3.0,2.561,2.669,2644.0,1985.0,6.0,2.538,2.678
2017,6,6,8,0,1.143,-1.519,129.0,107.0,0.0,1.778,2.11,674.0,518.0,3.0,2.539,2.617,2650.0,1993.0,6.0,2.533,2.665
2017,7,9,5,0,0.357,3.248,130.0,108.0,0.0,1.696,1.974,676.0,514.0,3.0,2.538,2.605,2659.0,1998.0,6.0,2.526,2.667
2017,8,8,4,0,6.25,3.482,131.0,106.0,0.0,2.217,2.206,675.0,511.0,3.0,2.603,2.624,2667.0,2002.0,6.0,2.538,2.669
2017,9,7,6,0,1.923,3.154,131.0,105.0,0.0,2.078,2.026,672.0,511.0,3.0,2.516,2.558,2674.0,2008.0,6.0,2.536,2.671
2017,10,8,6,0,1.429,3.135,131.0,106.0,0.0,2.023,2.182,672.0,509.0,3.0,2.52,2.584,2682.0,2014.0,6.0,2.533,2.672
2017,11,6,7,0,0.308,1.722,128.0,106.0,0.0,1.984,2.117,672.0,506.0,3.0,2.488,2.556,2688.0,2021.0,6.0,2.526,2.669
2017,12,10,6,0,3.25,0.314,129.0,106.0,0.0,1.799,1.708,669.0,509.0,3.0,2.379,2.465,2698.0,2027.0,6.0,2.528,2.662
2017,13,11,5,0,7.062,7.598,131.0,104.0,0.0,2.245,2.028,671.0,507.0,3.0,2.469,2.552,2709.0,2032.0,6.0,2.542,2.677
2017,14,10,6,0,0.812,2.934,134.0,101.0,0.0,2.311,2.408,669.0,509.0,3.0,2.426,2.559,2719.0,2038.0,6.0,2.537,2.678
2017,15,9,7,0,3.0,3.771,132.0,103.0,0.0,2.104,2.302,667.0,511.0,3.0,2.361,2.555,2728.0,2045.0,6.0,2.538,2.682
2017,16,11,5,0,4.875,4.892,133.0,102.0,0.0,2.288,2.359,670.0,510.0,3.0,2.376,2.516,2739.0,2050.0,6.0,2.545,2.688
2017,17,10,6,0,5.0,2.288,136.0,100.0,0.0,2.658,2.522,672.0,510.0,3.0,2.376,2.465,2749.0,2056.0,6.0,2.553,2.687
2018,1,8,7,1,-1.188,-1.82,135.0,100.0,1.0,2.338,2.31,672.0,510.0,4.0,2.367,2.483,2757.0,2063.0,7.0,2.541,2.673
2018,2,11,4,1,3.562,3.665,136.0,99.0,2.0,2.436,2.268,674.0,508.0,5.0,2.402,2.486,2768.0,2067.0,8.0,2.545,2.676
2018,3,10,6,0,3.938,2.405,138.0,98.0,2.0,2.469,2.385,676.0,510.0,5.0,2.377,2.43,2778.0,2073.0,8.0,2.549,2.676
2018,4,9,6,0,5.933,6.378,143.0,94.0,2.0,2.978,2.853,677.0,511.0,5.0,2.432,2.476,2787.0,2079.0,8.0,2.559,2.687
2018,5,12,3,0,8.333,7.507,149.0,89.0,2.0,3.428,3.417,682.0,507.0,5.0,2.55,2.61,2799.0,2082.0,8.0,2.577,2.702
2018,6,9,5,0,0.143,2.874,149.0,89.0,2.0,3.414,3.394,679.0,509.0,5.0,2.458,2.552,2808.0,2087.0,8.0,2.569,2.702
2018,7,5,8,0,-3.385,-2.819,146.0,93.0,2.0,2.812,3.0,680.0,508.0,4.0,2.412,2.488,2813.0,2095.0,8.0,2.551,2.685
2018,8,8,5,0,1.077,-0.771,147.0,92.0,2.0,2.759,2.755,679.0,507.0,4.0,2.373,2.421,2821.0,2100.0,8.0,2.547,2.675
2018,9,6,7,0,-0.923,0.318,145.0,93.0,2.0,2.612,2.578,671.0,512.0,4.0,2.257,2.347,2827.0,2107.0,8.0,2.536,2.668
2018,10,8,6,0,0.857,2.327,147.0,92.0,2.0,2.647,2.616,672.0,509.0,4.0,2.282,2.354,2835.0,2113.0,8.0,2.531,2.667
2018,11,8,5,0,5.769,7.159,145.0,91.0,2.0,2.804,3.044,672.0,506.0,4.0,2.321,2.406,2843.0,2118.0,8.0,2.541,2.68
2018,12,11,4,0,6.2,3.437,145.0,90.0,2.0,2.75,2.784,673.0,504.0,4.0,2.331,2.41,2854.0,2122.0,8.0,2.552,2.683
2018,13,10,6,0,3.0,3.732,145.0,90.0,2.0,2.887,2.834,673.0,504.0,4.0,2.345,2.442,2864.0,2128.0,8.0,2.553,2.686
2018,14,11,5,0,1.812,4.004,147.0,88.0,2.0,2.813,2.848,675.0,502.0,4.0,2.331,2.461,2875.0,2133.0,8.0,2.551,2.69
2018,15,9,7,0,4.625,5.17,145.0,90.0,2.0,2.797,2.866,675.0,502.0,4.0,2.357,2.502,2884.0,2140.0,8.0,2.557,2.697
2018,16,9,7,0,-1.562,-0.638,144.0,91.0,2.0,2.387,2.683,676.0,505.0,4.0,2.254,2.422,2893.0,2147.0,8.0,2.545,2.687
2018,17,8,8,0,0.75,-3.006,144.0,92.0,1.0,2.508,2.609,673.0,509.0,4.0,2.153,2.289,2901.0,2155.0,8.0,2.54,2.67
2019,1,8,7,1,-2.0,-2.649,141.0,95.0,1.0,2.16,2.214,677.0,506.0,4.0,2.178,2.258,2909.0,2162.0,9.0,2.527,2.655
2019,2,6,10,0,-6.5,-3.815,137.0,99.0,1.0,1.508,1.826,671.0,513.0,4.0,2.004,2.116,2915.0,2172.0,9.0,2.5,2.636
2019,3,9,7,0,2.688,-0.046,137.0,100.0,1.0,1.305,1.424,672.0,514.0,4.0,1.981,2.058,2924.0,2179.0,9.0,2.501,2.628
2019,4,4,11,0,-3.733,-2.744,129.0,108.0,1.0,0.551,0.783,668.0,520.0,4.0,1.878,1.997,2928.0,2190.0,9.0,2.483,2.612
2019,5,6,8,0,0.643,-1.502,126.0,111.0,1.0,0.582,0.51,667.0,523.0,4.0,1.817,1.915,2934.0,2198.0,9.0,2.477,2.6
2019,6,7,6,0,2.0,2.354,128.0,109.0,1.0,0.919,0.833,667.0,522.0,4.0,1.841,1.932,2941.0,2204.0,9.0,2.476,2.6
2019,7,5,9,0,-5.786,-2.811,125.0,113.0,1.0,0.49,0.706,663.0,526.0,4.0,1.699,1.85,2946.0,2213.0,9.0,2.452,2.584
2019,8,10,4,0,6.571,1.624,129.0,110.0,1.0,0.958,0.787,664.0,523.0,4.0,1.698,1.778,2956.0,2217.0,9.0,2.464,2.581
2019,9,11,2,0,5.692,7.906,132.0,106.0,1.0,1.261,1.136,669.0,515.0,4.0,1.861,1.941,2967.0,2219.0,9.0,2.473,2.597
2019,10,8,5,0,-2.0,-1.035,132.0,106.0,1.0,0.775,0.624,668.0,513.0,4.0,1.83,1.952,2975.0,2224.0,9.0,2.46,2.586
2019,11,7,6,0,0.538,0.684,128.0,108.0,1.0,0.421,0.452,666.0,512.0,4.0,1.836,1.895,2982.0,2230.0,9.0,2.455,2.581
2019,12,10,4,0,4.857,3.819,128.0,106.0,1.0,0.537,0.457,667.0,509.0,4.0,1.901,1.97,2992.0,2234.0,9.0,2.462,2.584
2019,13,8,8,0,-1.75,0.487,125.0,109.0,1.0,0.315,0.237,665.0,511.0,4.0,1.874,1.956,3000.0,2242.0,9.0,2.45,2.578
2019,14,9,7,0,-0.812,-1.622,125.0,109.0,1.0,-0.025,-0.187,665.0,511.0,4.0,1.85,1.882,3009.0,2249.0,9.0,2.441,2.567
2019,15,7,9,0,1.312,2.149,123.0,111.0,1.0,0.154,-0.013,664.0,512.0,4.0,1.806,1.882,3016.0,2258.0,9.0,2.437,2.565
2019,16,8,8,0,-0.688,-0.935,123.0,111.0,1.0,0.065,0.116,663.0,515.0,4.0,1.781,1.873,3024.0,2266.0,9.0,2.429,2.556
2019,17,7,9,0,-0.062,0.112,122.0,113.0,0.0,0.186,0.289,664.0,516.0,4.0,1.795,1.875,3031.0,2275.0,9.0,2.422,2.549
2020,1,8,8,0,3.0,3.047,124.0,111.0,0.0,0.779,0.718,664.0,518.0,4.0,1.823,1.879,3039.0,2283.0,9.0,2.423,2.55
2020,2,11,5,0,2.562,4.373,126.0,109.0,0.0,0.772,0.994,667.0,518.0,4.0,1.819,1.909,3050.0,2288.0,9.0,2.424,2.555
2020,3,6,9,1,-1.312,-2.359,128.0,107.0,1.0,0.923,1.018,665.0,522.0,5.0,1.727,1.802,3056.0,2297.0,10.0,2.413,2.542
2020,4,6,9,0,-0.867,-0.671,128.0,108.0,1.0,0.828,1.07,662.0,527.0,5.0,1.67,1.791,3062.0,2306.0,10.0,2.404,2.533
2020,5,9,5,0,0.786,-3.465,130.0,107.0,1.0,0.753,0.706,668.0,521.0,5.0,1.713,1.792,3071.0,2311.0,10.0,2.4,2.516
2020,6,7,7,0,1.071,0.734,132.0,105.0,1.0,1.181,0.928,667.0,522.0,5.0,1.739,1.837,3078.0,2318.0,10.0,2.396,2.511
2020,7,6,8,0,-4.0,-2.61,128.0,109.0,1.0,0.52,0.663,664.0,523.0,5.0,1.628,1.726,3084.0,2326.0,10.0,2.378,2.497
2020,8,7,7,0,1.643,2.283,124.0,114.0,1.0,0.267,0.312,666.0,519.0,5.0,1.718,1.779,3091.0,2333.0,10.0,2.376,2.496
2020,9,5,9,0,-3.357,-1.241,121.0,118.0,1.0,0.183,0.299,662.0,521.0,5.0,1.624,1.715,3096.0,2342.0,10.0,2.361,2.486
2020,10,11,3,0,4.429,3.404,125.0,115.0,1.0,0.426,0.469,666.0,515.0,5.0,1.674,1.746,3107.0,2345.0,10.0,2.366,2.489
2020,11,9,5,0,2.929,5.147,124.0,116.0,1.0,0.305,0.552,664.0,515.0,5.0,1.66,1.759,3116.0,2350.0,10.0,2.368,2.496
2020,12,6,10,0,-3.062,-1.293,122.0,118.0,1.0,0.223,0.441,661.0,518.0,5.0,1.605,1.735,3122.0,2360.0,10.0,2.353,2.486
2020,13,5,9,0,-2.714,-8.113,118.0,120.0,1.0,0.104,0.035,659.0,518.0,5.0,1.556,1.618,3127.0,2369.0,10.0,2.34,2.457
2020,14,7,8,0,0.867,4.839,118.0,119.0,1.0,0.077,0.203,656.0,520.0,5.0,1.499,1.634,3134.0,2377.0,10.0,2.336,2.463
2020,15,8,8,0,1.875,1.433,118.0,119.0,1.0,0.237,0.351,655.0,521.0,5.0,1.452,1.578,3142.0,2385.0,10.0,2.334,2.461
2020,16,9,7,0,-0.5,-0.568,120.0,117.0,1.0,0.209,0.309,657.0,521.0,5.0,1.414,1.547,3151.0,2392.0,10.0,2.327,2.453
2020,17,7,8,0,-1.133,-0.445,119.0,117.0,1.0,-0.049,0.091,657.0,522.0,5.0,1.404,1.567,3158.0,2400.0,10.0,2.318,2.445
2021,1,7,8,0,-2.733,-2.315,115.0,120.0,1.0,-0.38,-0.328,652.0,527.0,5.0,1.297,1.446,3165.0,2408.0,10.0,2.304,2.432
2021,2,8,8,0,-0.75,0.228,117.0,119.0,0.0,-0.345,-0.166,652.0,530.0,4.0,1.267,1.433,3173.0,2416.0,10.0,2.296,2.426
2021,3,8,8,0,3.375,3.902,119.0,118.0,0.0,-0.08,0.12,652.0,534.0,4.0,1.288,1.414,3181.0,2424.0,10.0,2.299,2.43
2021,4,7,9,0,0.438,-1.07,117.0,122.0,0.0,-0.101,0.27,652.0,537.0,4.0,1.32,1.403,3188.0,2433.0,10.0,2.294,2.421
2021,5,7,8,0,0.267,0.919,117.0,123.0,0.0,-0.152,0.281,652.0,538.0,4.0,1.271,1.339,3195.0,2441.0,10.0,2.289,2.417
2021,6,4,9,0,-5.154,-1.135,115.0,124.0,0.0,-0.224,0.373,648.0,542.0,4.0,1.178,1.317,3199.0,2450.0,10.0,2.269,2.408
2021,7,9,4,0,11.077,6.295,117.0,121.0,0.0,0.366,0.624,648.0,539.0,4.0,1.305,1.361,3208.0,2454.0,10.0,2.292,2.418
2021,8,6,9,0,-1.867,-1.91,118.0,121.0,0.0,0.459,0.582,645.0,542.0,4.0,1.204,1.251,3214.0,2463.0,10.0,2.281,2.407
2021,9,7,7,0,-3.143,-4.198,114.0,125.0,0.0,-0.014,0.107,643.0,542.0,4.0,1.165,1.168,3221.0,2470.0,10.0,2.267,2.389
2021,10,8,5,1,3.071,4.116,113.0,125.0,1.0,-0.005,0.043,644.0,538.0,5.0,1.207,1.259,3229.0,2475.0,11.0,2.269,2.394
2021,11,6,9,0,-4.933,-5.953,113.0,124.0,1.0,-0.122,-0.248,639.0,542.0,5.0,1.066,1.116,3235.0,2484.0,11.0,2.25,2.372
2021,12,9,6,0,4.733,5.529,117.0,121.0,1.0,0.343,0.604,638.0,542.0,5.0,1.101,1.135,3244.0,2490.0,11.0,2.257,2.38
2021,13,6,8,0,-2.929,-1.157,116.0,121.0,1.0,0.106,0.229,637.0,542.0,5.0,1.076,1.125,3250.0,2498.0,11.0,2.243,2.371
2021,14,8,6,0,4.857,3.05,116.0,119.0,1.0,0.292,0.33,636.0,541.0,5.0,1.088,1.144,3258.0,2504.0,11.0,2.25,2.373
2021,15,8,8,0,2.25,2.831,115.0,120.0,1.0,0.464,0.543,634.0,544.0,5.0,1.091,1.125,3266.0,2512.0,11.0,2.25,2.374
2021,16,10,6,0,4.562,3.477,118.0,118.0,1.0,0.82,0.788,636.0,543.0,5.0,1.106,1.161,3276.0,2518.0,11.0,2.256,2.377
2021,17,11,5,0,12.812,9.641,122.0,115.0,1.0,1.792,1.535,643.0,538.0,5.0,1.293,1.296,3287.0,2523.0,11.0,2.283,2.395
2021,18,8,8,0,1.438,4.09,122.0,115.0,1.0,1.928,1.777,645.0,538.0,5.0,1.297,1.366,3295.0,2531.0,11.0,2.281,2.4
2022,1,6,9,1,-2.188,-0.705,120.0,116.0,2.0,1.581,1.489,642.0,542.0,6.0,1.265,1.316,3301.0,2540.0,12.0,2.27,2.392
2022,2,11,5,0,7.312,6.776,124.0,112.0,2.0,2.01,1.979,645.0,543.0,6.0,1.279,1.358,3312.0,2545.0,12.0,2.282,2.403
2022,3,8,8,0,-3.5,-1.242,125.0,112.0,2.0,1.775,1.844,646.0,545.0,6.0,1.211,1.303,3320.0,2553.0,12.0,2.268,2.394
2022,4,8,7,0,1.733,2.349,129.0,110.0,2.0,2.205,2.062,646.0,546.0,6.0,1.215,1.293,3328.0,2560.0,12.0,2.266,2.394
2022,5,8,7,0,3.8,2.968,128.0,113.0,2.0,1.75,1.854,648.0,546.0,6.0,1.258,1.308,3336.0,2567.0,12.0,2.27,2.395
2022,6,8,6,0,0.143,0.275,130.0,110.0,2.0,1.876,1.99,646.0,546.0,6.0,1.219,1.308,3344.0,2573.0,12.0,2.265,2.39
2022,7,9,5,0,2.357,2.356,132.0,108.0,2.0,2.22,2.4,644.0,546.0,6.0,1.161,1.242,3353.0,2578.0,12.0,2.265,2.39
2022,8,8,6,0,5.786,5.313,132.0,109.0,1.0,2.39,2.475,642.0,546.0,6.0,1.223,1.272,3361.0,2584.0,12.0,2.274,2.397
2022,9,7,6,0,1.615,4.497,133.0,106.0,1.0,2.799,3.128,640.0,545.0,6.0,1.205,1.281,3368.0,2590.0,12.0,2.272,2.402
2022,10,8,5,0,3.538,0.155,132.0,105.0,1.0,2.724,2.792,637.0,545.0,6.0,1.189,1.222,3376.0,2595.0,12.0,2.275,2.397
2022,11,4,8,0,-5.25,-3.4,130.0,105.0,1.0,2.579,2.652,631.0,547.0,6.0,1.061,1.151,3380.0,2603.0,12.0,2.257,2.382
2022,12,11,5,0,5.75,3.593,133.0,104.0,1.0,2.635,2.686,634.0,545.0,5.0,1.147,1.219,3391.0,2608.0,12.0,2.265,2.385
2022,13,9,5,1,5.067,5.503,134.0,101.0,2.0,2.811,2.853,632.0,546.0,5.0,1.166,1.242,3400.0,2613.0,13.0,2.272,2.393
2022,14,7,6,0,0.231,0.237,131.0,101.0,2.0,2.54,2.65,629.0,546.0,5.0,1.12,1.214,3407.0,2619.0,13.0,2.267,2.388
2022,15,9,7,0,0.375,2.982,129.0,103.0,2.0,1.763,2.234,629.0,547.0,5.0,1.05,1.172,3416.0,2626.0,13.0,2.263,2.389
2022,16,8,8,0,1.375,0.852,129.0,103.0,2.0,1.759,2.032,625.0,552.0,5.0,0.963,1.089,3424.0,2634.0,13.0,2.26,2.385
2022,17,9,6,0,4.067,3.731,132.0,100.0,1.0,2.15,2.309,625.0,553.0,5.0,1.012,1.1,3433.0,2640.0,13.0,2.265,2.389
2022,18,11,5,0,4.625,4.971,132.0,100.0,1.0,1.982,2.196,631.0,550.0,5.0,1.112,1.197,3444.0,2645.0,13.0,2.271,2.395
2023,1,6,10,0,-3.625,-3.905,130.0,102.0,1.0,1.974,2.03,629.0,555.0,5.0,1.054,1.158,3450.0,2655.0,13.0,2.256,2.38
2023,2,7,9,0,1.375,1.782,129.0,104.0,1.0,1.952,1.994,630.0,557.0,5.0,1.082,1.176,3457.0,2664.0,13.0,2.254,2.378
2023,3,9,7,0,4.875,2.981,130.0,104.0,1.0,2.019,1.995,631.0,558.0,5.0,1.133,1.184,3466.0,2671.0,13.0,2.26,2.38
2023,4,7,8,0,2.867,3.716,129.0,106.0,1.0,2.189,2.21,630.0,561.0,5.0,1.096,1.141,3473.0,2679.0,13.0,2.262,2.383
2023,5,7,6,0,-0.692,0.142,127.0,107.0,1.0,1.999,2.072,626.0,563.0,5.0,1.01,1.1,3480.0,2685.0,13.0,2.255,2.377
2023,6,10,4,0,4.5,4.107,129.0,105.0,1.0,1.918,1.997,626.0,561.0,5.0,1.029,1.105,3490.0,2689.0,13.0,2.26,2.382
2023,7,9,4,0,6.769,8.72,131.0,103.0,1.0,2.24,2.26,624.0,560.0,5.0,1.091,1.164,3499.0,2693.0,13.0,2.271,2.397
2023,8,9,7,0,2.0,2.728,132.0,105.0,1.0,2.144,2.421,624.0,560.0,5.0,1.058,1.133,3508.0,2700.0,13.0,2.27,2.398
2023,9,9,4,0,6.538,4.933,137.0,101.0,1.0,2.881,2.942,624.0,557.0,5.0,1.159,1.203,3517.0,2704.0,13.0,2.281,2.404
2023,10,8,5,0,2.231,-0.467,134.0,101.0,1.0,2.661,2.688,624.0,554.0,5.0,1.178,1.234,3525.0,2709.0,13.0,2.28,2.397
2023,11,11,3,0,4.214,2.236,136.0,99.0,0.0,2.608,2.484,627.0,550.0,4.0,1.256,1.296,3536.0,2712.0,13.0,2.285,2.396
2023,12,7,9,0,-1.438,0.608,136.0,102.0,0.0,2.504,2.507,628.0,549.0,4.0,1.319,1.351,3543.0,2721.0,13.0,2.276,2.392
2023,13,5,8,0,-3.846,-3.31,132.0,103.0,0.0,2.24,2.114,624.0,550.0,4.0,1.237,1.31,3548.0,2729.0,13.0,2.262,2.379
2023,14,9,6,0,6.267,5.212,133.0,101.0,0.0,2.545,2.387,629.0,545.0,4.0,1.362,1.409,3557.0,2735.0,13.0,2.271,2.385
2023,15,11,5,0,7.062,8.482,135.0,100.0,0.0,2.733,2.684,634.0,542.0,4.0,1.442,1.534,3568.0,2740.0,13.0,2.282,2.4
2023,16,8,8,0,2.5,3.412,132.0,103.0,0.0,2.6,2.586,635.0,544.0,4.0,1.449,1.548,3576.0,2748.0,13.0,2.283,2.402
2023,17,10,6,0,5.375,3.89,136.0,99.0,0.0,3.162,3.073,640.0,541.0,4.0,1.588,1.631,3586.0,2754.0,13.0,2.29,2.406
2023,18,7,9,0,2.0,3.676,136.0,99.0,0.0,3.201,3.192,637.0,546.0,4.0,1.531,1.657,3593.0,2763.0,13.0,2.29,2.409
2024,1,10,5,0,4.0,2.323,137.0,97.0,0.0,3.147,3.15,636.0,549.0,4.0,1.51,1.587,3603.0,2768.0,13.0,2.294,2.408
2024,2,6,10,0,-2.875,-1.78,136.0,99.0,0.0,2.788,2.807,634.0,554.0,4.0,1.499,1.578,3609.0,2778.0,13.0,2.282,2.399
2024,3,7,9,0,2.875,1.662,136.0,102.0,0.0,3.011,2.902,634.0,557.0,4.0,1.528,1.59,3616.0,2787.0,13.0,2.283,2.397
2024,4,9,7,0,1.188,2.914,135.0,105.0,0.0,2.804,2.827,633.0,560.0,4.0,1.482,1.579,3625.0,2794.0,13.0,2.28,2.398
2024,5,7,6,0,4.769,5.077,133.0,107.0,0.0,2.679,2.6,632.0,558.0,4.0,1.564,1.636,3632.0,2800.0,13.0,2.286,2.404
2024,6,3,10,0,-9.385,-8.112,127.0,110.0,0.0,1.967,1.922,626.0,561.0,4.0,1.457,1.555,3635.0,2810.0,13.0,2.259,2.38
2024,7,7,7,0,-0.214,-0.026,125.0,113.0,0.0,1.545,1.612,626.0,559.0,4.0,1.438,1.528,3642.0,2817.0,13.0,2.254,2.375
2024,8,10,6,0,3.188,3.51,127.0,114.0,0.0,1.605,1.861,628.0,557.0,4.0,1.486,1.583,3652.0,2823.0,13.0,2.256,2.377
2024,9,11,4,0,4.667,3.379,127.0,115.0,0.0,1.633,1.932,632.0,552.0,4.0,1.545,1.624,3663.0,2827.0,13.0,2.261,2.379
2024,10,5,8,0,-2.538,-1.201,125.0,114.0,0.0,1.565,1.819,629.0,552.0,4.0,1.476,1.571,3668.0,2835.0,13.0,2.25,2.371
2024,11,8,6,0,6.786,6.764,128.0,112.0,0.0,2.229,2.449,626.0,553.0,4.0,1.529,1.601,3676.0,2841.0,13.0,2.261,2.381
2024,12,4,9,0,-2.462,2.276,123.0,115.0,0.0,1.684,2.265,624.0,553.0,3.0,1.514,1.659,3680.0,2850.0,13.0,2.25,2.381
2024,13,8,8,0,3.062,1.093,120.0,118.0,0.0,1.434,1.804,626.0,552.0,3.0,1.563,1.681,3688.0,2858.0,13.0,2.252,2.378
2024,14,9,4,0,5.154,1.391,121.0,114.0,0.0,1.599,1.677,626.0,551.0,3.0,1.618,1.742,3697.0,2862.0,13.0,2.258,2.376
2024,15,5,11,0,-3.5,-0.953,116.0,119.0,0.0,1.045,1.375,624.0,555.0,3.0,1.561,1.721,3702.0,2873.0,13.0,2.245,2.368
2024,16,13,3,0,7.5,7.373,122.0,113.0,0.0,1.388,1.606,631.0,550.0,3.0,1.705,1.845,3715.0,2876.0,13.0,2.257,2.38
2024,17,9,7,0,0.562,0.943,121.0,115.0,0.0,1.174,1.519,633.0,550.0,3.0,1.691,1.829,3724.0,2883.0,13.0,2.253,2.376
2024,18,9,7,0,6.438,5.805,124.0,112.0,0.0,1.756,1.993,637.0,548.0,3.0,1.814,1.917,3733.0,2890.0,13.0,2.263,2.384
2025,1,8,7,0,4.067,4.566,125.0,110.0,0.0,1.83,2.175,634.0,552.0,3.0,1.809,1.931,3741.0,2897.0,13.0,2.267,2.389
2025,2,7,9,0,-0.812,-2.149,123.0,112.0,0.0,1.705,1.858,632.0,556.0,3.0,1.762,1.84,3748.0,2906.0,13.0,2.26,2.379
2025,3,12,4,0,7.312,8.374,128.0,110.0,0.0,1.864,2.065,638.0,550.0,3.0,1.892,1.961,3760.0,2910.0,13.0,2.271,2.392
2025,4,10,4,1,9.4,8.539,135.0,104.0,1.0,3.038,3.105,643.0,545.0,4.0,2.043,2.169,3770.0,2914.0,14.0,2.287,2.406
2025,5,4,9,0,-3.154,-4.473,132.0,106.0,1.0,2.854,2.827,640.0,546.0,4.0,1.993,2.053,3774.0,2923.0,14.0,2.275,2.391
2025,6,9,5,0,4.286,5.751,131.0,105.0,1.0,2.923,2.967,641.0,543.0,4.0,2.023,2.107,3783.0,2928.0,14.0,2.279,2.398
2025,7,9,5,0,5.5,5.523,129.0,106.0,1.0,2.975,3.101,641.0,541.0,4.0,2.098,2.183,3792.0,2933.0,14.0,2.286,2.405
2025,8,8,5,0,5.231,2.54,132.0,103.0,1.0,3.461,3.335,642.0,538.0,4.0,2.178,2.22,3800.0,2938.0,14.0,2.293,2.405
2025,9,4,10,0,-3.5,-3.48,128.0,107.0,1.0,2.818,2.695,639.0,540.0,4.0,2.168,2.205,3804.0,2948.0,14.0,2.28,2.392
2025,10,7,6,0,0.846,0.956,131.0,104.0,1.0,3.024,2.612,638.0,538.0,4.0,2.188,2.215,3811.0,2954.0,14.0,2.277,2.389
2025,11,7,7,0,2.143,5.33,130.0,103.0,1.0,2.967,2.877,637.0,537.0,4.0,2.173,2.232,3818.0,2961.0,14.0,2.277,2.396
